full_name,owner,name,owner_type,queried_language,primary_language,description,stars,forks,open_issues,watchers,size_kb,created_at,pushed_at,license,has_wiki,topics,total_commits,total_prs,total_issues,total_releases,has_discussions,has_ci,ai_maturity_level,ai_artifacts,ai_bot_contributors,commits_2025-10,commits_2025-11,commits_2025-12,commits_2026-01,commits_2026-02,commits_2026-03
public-apis/public-apis,public-apis,public-apis,Organization,Python,Python,A collective list of free APIs,418164,45425,1174,0,4962,2016-03-20T23:49:42Z,2026-03-18T16:28:22Z,MIT,False,api;apis;dataset;development;free;list;lists;open-source;public;public-api;public-apis;resources;software,4539,4361,856,0,False,True,1,,,0,1,0,0,1,1
EbookFoundation/free-programming-books,EbookFoundation,free-programming-books,Organization,Python,Python,:books: Freely available programming books,384824,66076,78,0,21132,2013-10-11T06:50:37Z,2026-03-31T21:15:26Z,CC-BY-4.0,False,books;education;hacktoberfest;list;resource,10069,11642,1268,0,False,True,1,,pcodex,436,27,3,8,7,27
donnemartin/system-design-primer,donnemartin,system-design-primer,User,Python,Python,Learn how to design large-scale systems. Prep for the system design interview.  Includes Anki flashcards.,340947,55147,521,0,11277,2017-02-26T16:15:28Z,2026-03-20T01:52:19Z,NOASSERTION,True,design;design-patterns;design-system;development;interview;interview-practice;interview-questions;programming;python;system;web;web-application;webapp,343,645,366,0,False,False,1,,sharpcodex,1,2,0,0,0,7
vinta/awesome-python,vinta,awesome-python,User,Python,Python,"An opinionated list of Python frameworks, libraries, tools, and resources",290155,27551,17,0,5284,2014-06-27T21:00:06Z,2026-04-01T03:34:05Z,NOASSERTION,False,awesome;collections;python;python-frameworks;python-libraries;python-tools,2254,2310,0,0,True,True,3,.claude/commands/review-pending-prs.md;.claude/settings.json;CLAUDE.md,,4,5,8,184,45,293
TheAlgorithms/Python,TheAlgorithms,Python,Organization,Python,Python,All Algorithms implemented in Python,219187,50288,912,0,16596,2016-07-16T09:44:01Z,2026-04-02T00:50:36Z,MIT,True,algorithm;algorithm-competitions;algorithms-implemented;algos;community-driven;education;hacktoberfest;interview;learn;practice;python;searches;sorting-algorithms;sorts,3652,12051,1714,0,True,True,1,,,16,3,2,5,1,26
Significant-Gravitas/AutoGPT,Significant-Gravitas,AutoGPT,Organization,Python,Python,"AutoGPT is the vision of accessible AI for everyone, to use and to build on. Our mission is to provide the tools, so that you can focus on what matters.",183033,46222,388,0,445116,2023-03-16T09:21:07Z,2026-04-01T23:37:42Z,NOASSERTION,True,agentic-ai;agents;ai;artificial-intelligence;autonomous-agents;claude;gpt;llama-api;llm;openai;python,8150,7617,3765,97,False,True,3,.claude/skills/pr-address;.claude/skills/pr-address/SKILL.md;.claude/skills/pr-review;.claude/skills/pr-review/SKILL.md;.claude/skills/pr-test;.claude/skills/pr-test/SKILL.md;.claude/skills/vercel-react-best-practices;.claude/skills/vercel-react-best-practices/AGENTS.md;.claude/skills/vercel-react-best-practices/SKILL.md;.claude/skills/vercel-react-best-practices/rules;.claude/skills/vercel-react-best-practices/rules/advanced-event-handler-refs.md;.claude/skills/vercel-react-best-practices/rules/advanced-use-latest.md;.claude/skills/vercel-react-best-practices/rules/async-api-routes.md;.claude/skills/vercel-react-best-practices/rules/async-defer-await.md;.claude/skills/vercel-react-best-practices/rules/async-dependencies.md;.claude/skills/vercel-react-best-practices/rules/async-parallel.md;.claude/skills/vercel-react-best-practices/rules/async-suspense-boundaries.md;.claude/skills/vercel-react-best-practices/rules/bundle-barrel-imports.md;.claude/skills/vercel-react-best-practices/rules/bundle-conditional.md;.claude/skills/vercel-react-best-practices/rules/bundle-defer-third-party.md;.claude/skills/vercel-react-best-practices/rules/bundle-dynamic-imports.md;.claude/skills/vercel-react-best-practices/rules/bundle-preload.md;.claude/skills/vercel-react-best-practices/rules/client-event-listeners.md;.claude/skills/vercel-react-best-practices/rules/client-swr-dedup.md;.claude/skills/vercel-react-best-practices/rules/js-batch-dom-css.md;.claude/skills/vercel-react-best-practices/rules/js-cache-function-results.md;.claude/skills/vercel-react-best-practices/rules/js-cache-property-access.md;.claude/skills/vercel-react-best-practices/rules/js-cache-storage.md;.claude/skills/vercel-react-best-practices/rules/js-combine-iterations.md;.claude/skills/vercel-react-best-practices/rules/js-early-exit.md;.claude/skills/vercel-react-best-practices/rules/js-hoist-regexp.md;.claude/skills/vercel-react-best-practices/rules/js-index-maps.md;.claude/skills/vercel-react-best-practices/rules/js-length-check-first.md;.claude/skills/vercel-react-best-practices/rules/js-min-max-loop.md;.claude/skills/vercel-react-best-practices/rules/js-set-map-lookups.md;.claude/skills/vercel-react-best-practices/rules/js-tosorted-immutable.md;.claude/skills/vercel-react-best-practices/rules/rendering-activity.md;.claude/skills/vercel-react-best-practices/rules/rendering-animate-svg-wrapper.md;.claude/skills/vercel-react-best-practices/rules/rendering-conditional-render.md;.claude/skills/vercel-react-best-practices/rules/rendering-content-visibility.md;.claude/skills/vercel-react-best-practices/rules/rendering-hoist-jsx.md;.claude/skills/vercel-react-best-practices/rules/rendering-hydration-no-flicker.md;.claude/skills/vercel-react-best-practices/rules/rendering-svg-precision.md;.claude/skills/vercel-react-best-practices/rules/rerender-defer-reads.md;.claude/skills/vercel-react-best-practices/rules/rerender-dependencies.md;.claude/skills/vercel-react-best-practices/rules/rerender-derived-state.md;.claude/skills/vercel-react-best-practices/rules/rerender-functional-setstate.md;.claude/skills/vercel-react-best-practices/rules/rerender-lazy-state-init.md;.claude/skills/vercel-react-best-practices/rules/rerender-memo.md;.claude/skills/vercel-react-best-practices/rules/rerender-transitions.md;.claude/skills/vercel-react-best-practices/rules/server-after-nonblocking.md;.claude/skills/vercel-react-best-practices/rules/server-cache-lru.md;.claude/skills/vercel-react-best-practices/rules/server-cache-react.md;.claude/skills/vercel-react-best-practices/rules/server-parallel-fetching.md;.claude/skills/vercel-react-best-practices/rules/server-serialization.md;.claude/skills/worktree;.claude/skills/worktree/SKILL.md;.github/copilot-instructions.md;AGENTS.md,Copilot,171,103,100,133,151,186
AUTOMATIC1111/stable-diffusion-webui,AUTOMATIC1111,stable-diffusion-webui,User,Python,Python,Stable Diffusion web UI,162068,30201,2473,0,36552,2022-08-22T14:05:26Z,2026-03-02T07:00:53Z,AGPL-3.0,True,ai;ai-art;deep-learning;diffusion;gradio;image-generation;image2image;img2img;pytorch;stable-diffusion;text2image;torch;txt2img;unstable;upscaling;web,7689,3331,7892,27,True,True,1,,,0,0,0,0,0,0
huggingface/transformers,huggingface,transformers,Organization,Python,Python,"🤗 Transformers: the model-definition framework for state-of-the-art machine learning models in text, vision, audio, and multimodal models, for both inference and training. ",158654,32705,2334,0,462113,2018-10-29T13:56:00Z,2026-04-01T18:55:57Z,Apache-2.0,True,audio;deep-learning;deepseek;gemma;glm;hacktoberfest;llm;machine-learning;model-hub;natural-language-processing;nlp;pretrained-models;python;pytorch;pytorch-transformers;qwen;speech-recognition;transformer;vlm,22498,25735,18806,245,False,True,2,.github/copilot-instructions.md;AGENTS.md;CLAUDE.md,,369,285,283,284,303,330
yt-dlp/yt-dlp,yt-dlp,yt-dlp,Organization,Python,Python,A feature-rich command-line audio/video downloader,154342,12560,2431,0,60296,2020-10-26T04:22:55Z,2026-03-29T16:47:19Z,Unlicense,True,cli;downloader;python;sponsorblock;youtube-dl;youtube-downloader;yt-dlp,23800,4717,11286,133,False,True,1,,,36,69,55,59,46,27
521xueweihan/HelloGitHub,521xueweihan,HelloGitHub,User,Python,Python,":octocat: 分享 GitHub 上有趣、入门级的开源项目。Share interesting, entry-level open source projects on GitHub.",148372,11285,318,0,9730,2016-05-04T06:24:11Z,2026-04-01T16:16:13Z,,False,awesome;github;hellogithub;python,224,58,2995,64,True,False,1,,,1,1,1,1,1,1
facebook/react,facebook,react,Organization,JavaScript,JavaScript,The library for web and native user interfaces.,244320,50876,1195,0,950383,2013-05-24T16:15:54Z,2026-03-31T23:01:58Z,MIT,False,declarative;frontend;javascript;library;react;ui,21444,19286,14428,118,False,True,3,.claude/settings.json;.claude/skills/extract-errors;.claude/skills/extract-errors/SKILL.md;.claude/skills/feature-flags;.claude/skills/feature-flags/SKILL.md;.claude/skills/fix;.claude/skills/fix/SKILL.md;.claude/skills/flags;.claude/skills/flags/SKILL.md;.claude/skills/flow;.claude/skills/flow/SKILL.md;.claude/skills/test;.claude/skills/test/SKILL.md;.claude/skills/verify;.claude/skills/verify/SKILL.md;CLAUDE.md,,164,81,39,65,87,41
trekhleb/javascript-algorithms,trekhleb,javascript-algorithms,User,JavaScript,JavaScript,📝 Algorithms and data structures implemented in JavaScript with explanations and links to further readings,195775,31100,399,0,14903,2018-03-24T07:47:04Z,2026-02-18T09:20:06Z,MIT,False,algorithm;algorithms;computer-science;data-structures;interview;interview-preparation;javascript;javascript-algorithms,1134,829,373,0,False,True,1,,,1,7,0,4,2,0
airbnb/javascript,airbnb,javascript,Organization,JavaScript,JavaScript,JavaScript Style Guide,148112,26744,189,0,3727,2012-11-01T23:13:50Z,2026-02-24T14:05:16Z,MIT,True,arrow-functions;es2015;es2016;es2017;es2018;es6;eslint;javascript;linting;naming-conventions;style-guide;style-linter;styleguide;tc39,1987,1694,1407,0,False,True,1,,,0,0,0,0,2,0
vercel/next.js,vercel,next.js,Organization,JavaScript,JavaScript,The React Framework,138566,30746,3641,0,2534297,2016-10-05T23:32:51Z,2026-04-02T00:57:59Z,MIT,False,blog;browser;compiler;components;hybrid;nextjs;node;react;server-rendering;ssg;static;static-site-generator;universal;vercel,33471,35885,24455,1000,True,True,2,AGENTS.md;CLAUDE.md,,567,305,253,438,435,452
affaan-m/everything-claude-code,affaan-m,everything-claude-code,User,JavaScript,JavaScript,"The agent harness performance optimization system. Skills, instincts, memory, security, and research-first development for Claude Code, Codex, Opencode, Cursor and beyond.",131065,18735,117,0,26748,2026-01-18T00:51:51Z,2026-04-02T00:14:01Z,MIT,True,ai-agents;anthropic;claude;claude-code;developer-tools;llm;mcp;productivity,1051,724,373,11,True,True,3,.claude/commands/add-language-rules.md;.claude/commands/database-migration.md;.claude/commands/feature-development.md;.claude/rules/everything-claude-code-guardrails.md;.claude/rules/node.md;.claude/skills/everything-claude-code;.claude/skills/everything-claude-code/SKILL.md;.cursor/rules/common-agents.md;.cursor/rules/common-coding-style.md;.cursor/rules/common-development-workflow.md;.cursor/rules/common-git-workflow.md;.cursor/rules/common-hooks.md;.cursor/rules/common-patterns.md;.cursor/rules/common-performance.md;.cursor/rules/common-security.md;.cursor/rules/common-testing.md;.cursor/rules/golang-coding-style.md;.cursor/rules/golang-hooks.md;.cursor/rules/golang-patterns.md;.cursor/rules/golang-security.md;.cursor/rules/golang-testing.md;.cursor/rules/kotlin-coding-style.md;.cursor/rules/kotlin-hooks.md;.cursor/rules/kotlin-patterns.md;.cursor/rules/kotlin-security.md;.cursor/rules/kotlin-testing.md;.cursor/rules/php-coding-style.md;.cursor/rules/php-hooks.md;.cursor/rules/php-patterns.md;.cursor/rules/php-security.md;.cursor/rules/php-testing.md;.cursor/rules/python-coding-style.md;.cursor/rules/python-hooks.md;.cursor/rules/python-patterns.md;.cursor/rules/python-security.md;.cursor/rules/python-testing.md;.cursor/rules/swift-coding-style.md;.cursor/rules/swift-hooks.md;.cursor/rules/swift-patterns.md;.cursor/rules/swift-security.md;.cursor/rules/swift-testing.md;.cursor/rules/typescript-coding-style.md;.cursor/rules/typescript-hooks.md;.cursor/rules/typescript-patterns.md;.cursor/rules/typescript-security.md;.cursor/rules/typescript-testing.md;.mcp.json;AGENTS.md;CLAUDE.md,Copilot,0,0,0,78,381,576
Chalarangelo/30-seconds-of-code,Chalarangelo,30-seconds-of-code,User,JavaScript,JavaScript,Coding articles to level up your development skills,127297,12466,1,0,742871,2017-11-29T17:35:03Z,2026-04-01T08:10:54Z,CC-BY-4.0,False,astro;awesome-list;css;education;es6-javascript;git;html;javascript;learn-to-code;learning-resources;nodejs;programming;snippets,10196,1659,300,12,False,True,2,.github/copilot-instructions.md,,4,3,1,4,1,1
nodejs/node,nodejs,node,Organization,JavaScript,JavaScript,Node.js JavaScript runtime ✨🐢🚀✨,116501,35236,2592,0,1445552,2014-11-26T19:57:11Z,2026-04-01T23:21:28Z,NOASSERTION,False,javascript;js;linux;macos;mit;node;nodejs;runtime;windows,46382,39890,20168,492,False,True,1,,,247,240,150,221,199,219
mrdoob/three.js,mrdoob,three.js,User,JavaScript,JavaScript,JavaScript 3D Library.,111707,36318,568,0,1568026,2010-03-23T18:58:01Z,2026-04-01T21:06:00Z,MIT,True,3d;augmented-reality;canvas;html5;javascript;svg;virtual-reality;webaudio;webgl;webgl2;webgpu;webxr,46994,19513,13562,175,False,True,1,,,181,204,155,205,147,137
axios/axios,axios,axios,Organization,JavaScript,JavaScript,Promise based HTTP client for the browser and node.js,108868,11585,358,0,25234,2014-08-18T22:30:27Z,2026-04-01T18:08:12Z,MIT,False,hacktoberfest;http-client;javascript;nodejs;promise,1886,2327,4978,110,True,True,2,.github/copilot-instructions.md,Copilot,27,25,24,14,20,43
facebook/create-react-app,facebook,create-react-app,Organization,JavaScript,JavaScript,Set up a modern web app by running one command.,103733,27100,2377,0,25186,2016-07-17T14:55:11Z,2025-02-15T01:32:11Z,MIT,False,build-tools;react;zero-configuration,2819,4392,8429,83,True,True,1,,,0,0,0,0,0,0
freeCodeCamp/freeCodeCamp,freeCodeCamp,freeCodeCamp,Organization,TypeScript,TypeScript,"freeCodeCamp.org's open-source codebase and curriculum. Learn math, programming, and computer science for free.",440408,43947,209,0,558181,2014-12-24T17:49:19Z,2026-04-01T21:14:53Z,BSD-3-Clause,False,careers;certification;community;curriculum;d3;education;freecodecamp;javascript;learn-to-code;math;nodejs;nonprofits;programming;react;teachers,41298,44587,21233,0,False,True,2,.github/copilot-instructions.md,elcodex,468,310,342,338,249,324
kamranahmedse/developer-roadmap,kamranahmedse,developer-roadmap,User,TypeScript,TypeScript,"Interactive roadmaps, guides and other educational content to help developers grow in their careers.",352018,43865,2,0,359951,2017-03-15T13:45:52Z,2026-04-01T11:07:26Z,NOASSERTION,True,angular-roadmap;backend-roadmap;blockchain-roadmap;computer-science;dba-roadmap;developer-roadmap;devops-roadmap;frontend-roadmap;go-roadmap;java-roadmap;javascript-roadmap;nodejs-roadmap;python-roadmap;qa-roadmap;react-roadmap;roadmap;software-architect-roadmap;vue-roadmap,7494,5935,3106,1,False,True,2,.cursor/rules/content-migration.mdc;.cursor/rules/gh-cli.mdc,,86,87,57,36,49,87
openclaw/openclaw,openclaw,openclaw,Organization,TypeScript,TypeScript,Your own personal AI assistant. Any OS. Any Platform. The lobster way. 🦞 ,344634,68369,17066,0,372607,2025-11-24T10:16:47Z,2026-04-02T01:15:53Z,MIT,False,ai;assistant;crustacean;molty;openclaw;own-your-data;personal,24532,32453,25079,80,False,True,2,AGENTS.md;CLAUDE.md,,0,288,2148,6071,6948,8823
vuejs/vue,vuejs,vue,Organization,TypeScript,TypeScript,"This is the repo for Vue 2. For Vue 3, go to https://github.com/vuejs/core",209900,33837,622,0,32152,2013-07-29T03:24:51Z,2024-10-10T07:24:15Z,MIT,True,framework;frontend;javascript;vue,3593,2623,10028,249,True,True,1,,,0,0,0,0,0,0
microsoft/vscode,microsoft,vscode,Organization,TypeScript,TypeScript,Visual Studio Code,183279,38883,15879,0,1164801,2015-09-03T20:23:38Z,2026-04-02T01:06:46Z,MIT,True,editor;electron;microsoft;typescript;visual-studio-code,149967,53723,237797,202,False,True,2,.github/copilot-instructions.md;AGENTS.md,Copilot,1715,1627,1191,2160,2215,2483
n8n-io/n8n,n8n-io,n8n,Organization,TypeScript,TypeScript,"Fair-code workflow automation platform with native AI capabilities. Combine visual building with custom code, self-host or cloud, 400+ integrations.",182046,56389,1479,0,439643,2019-06-22T09:24:21Z,2026-04-02T00:36:27Z,NOASSERTION,False,ai;apis;automation;cli;data-flow;development;integration-framework;integrations;ipaas;low-code;low-code-platform;mcp;mcp-client;mcp-server;n8n;no-code;self-hosted;typescript;workflow;workflow-automation,18696,19320,8556,570,False,True,4,.claude/agents/n8n-developer.md;.claude/agents/n8n-linear-issue-triager.md;.claude/commands/n8n-plan.md;.claude/commands/n8n-triage.md;.claude/settings.json;.claude/skills/content-design;.claude/skills/content-design/SKILL.md;.claude/skills/create-issue;.claude/skills/create-issue/SKILL.md;.claude/skills/create-pr;.claude/skills/create-pr/SKILL.md;.claude/skills/create-skill;.claude/skills/create-skill/SKILL.md;.claude/skills/linear-issue;.claude/skills/linear-issue/SKILL.md;.claude/skills/loom-transcript;.claude/skills/loom-transcript/SKILL.md;.claude/skills/n8n-conventions;.claude/skills/n8n-conventions/SKILL.md;.claude/skills/node-add-oauth;.claude/skills/node-add-oauth/SKILL.md;.claude/skills/reproduce-bug;.claude/skills/reproduce-bug/SKILL.md;.claude/skills/spec-driven-development;.claude/skills/spec-driven-development/SKILL.md;AGENTS.md;CLAUDE.md,,518,385,497,531,527,542
yangshun/tech-interview-handbook,yangshun,tech-interview-handbook,User,TypeScript,TypeScript,Curated coding interview preparation materials for busy software engineers,138488,16489,45,0,33715,2016-07-05T05:00:48Z,2026-03-20T08:58:21Z,MIT,True,algorithm;algorithm-interview;algorithm-interview-questions;algorithms;behavioral-interviews;coding-interviews;interview-practice;interview-preparation;interview-questions;system-design,1334,584,122,0,True,True,2,AGENTS.md,,0,3,0,2,0,13
langgenius/dify,langgenius,dify,Organization,TypeScript,TypeScript,Production-ready platform for agentic workflow development.,135377,21091,802,0,334179,2023-04-12T07:40:24Z,2026-04-02T01:07:44Z,NOASSERTION,False,agent;agentic-ai;agentic-framework;agentic-workflow;ai;automation;gemini;genai;gpt;gpt-4;llm;low-code;mcp;nextjs;no-code;openai;orchestration;python;rag;workflow,9792,12593,17184,161,True,True,3,.claude/settings.json;.claude/skills/backend-code-review;.claude/skills/component-refactoring;.claude/skills/frontend-code-review;.claude/skills/frontend-query-mutation;.claude/skills/frontend-testing;AGENTS.md;CLAUDE.md,,306,311,458,355,271,661
anomalyco/opencode,anomalyco,opencode,Organization,TypeScript,TypeScript,The open source coding agent.,134879,14582,6252,0,228361,2025-04-30T20:08:00Z,2026-04-02T01:02:17Z,MIT,False,,10787,8199,11988,751,False,True,2,AGENTS.md,,708,1050,1873,2080,1172,962
excalidraw/excalidraw,excalidraw,excalidraw,Organization,TypeScript,TypeScript,Virtual whiteboard for sketching hand-drawn like diagrams,120053,13093,2916,0,99773,2020-01-02T01:04:43Z,2026-04-01T17:17:40Z,MIT,False,canvas;collaboration;diagrams;drawing;hacktoberfest;productivity;whiteboard,3976,5848,4698,14,True,True,2,.github/copilot-instructions.md;CLAUDE.md,,12,17,14,38,24,27
Snailclimb/JavaGuide,Snailclimb,JavaGuide,User,Java,Java,Java 面试 & 后端通用面试指南，覆盖计算机基础、数据库、分布式、高并发、系统设计与 AI 应用开发,154587,46140,66,0,178799,2018-05-07T13:27:00Z,2026-04-02T01:05:23Z,Apache-2.0,True,agent;context-engineering;interview;java;jvm;mcp;mysql;redis;redisson;skills;spring;system;system-design,6064,1553,1136,0,True,True,1,,,14,17,27,34,18,64
krahets/hello-algo,krahets,hello-algo,User,Java,Java,"《Hello 算法》：动画图解、一键运行的数据结构与算法教程。支持简中、繁中、English、日本語，提供 Python, Java, C++, C, C#, JS, Go, Swift, Rust, Ruby, Kotlin, TS, Dart 等代码实现",124443,14977,28,0,453669,2022-11-04T11:08:34Z,2026-04-01T19:08:56Z,NOASSERTION,False,algo;algorithm;algorithms;book;data-structure;data-structures;data-structures-and-algorithms;dsa;education;leetcode;programming,2155,1249,283,10,True,True,1,,,3,0,5,5,0,15
GrowingGit/GitHub-Chinese-Top-Charts,GrowingGit,GitHub-Chinese-Top-Charts,User,Java,Java,:cn: GitHub中文排行榜，各语言分设「软件 | 资料」榜单，精准定位中文好项目。各取所需，高效学习。,107185,13522,191,0,123199,2019-09-05T03:01:56Z,2024-10-12T06:51:36Z,NOASSERTION,True,,1018,25,345,0,False,False,1,,,0,0,0,0,0,0
iluwatar/java-design-patterns,iluwatar,java-design-patterns,User,Java,Java,Design patterns implemented in Java,93853,27367,221,0,47543,2014-08-09T16:45:18Z,2026-03-20T21:23:33Z,NOASSERTION,True,awesome-list;design-patterns;hacktoberfest;java;principles;snippets;snippets-collection;snippets-library,4351,2411,979,0,False,True,1,,,0,0,0,3,12,0
macrozheng/mall,macrozheng,mall,User,Java,Java,mall项目是一套电商系统，包括前台商城系统及后台管理系统，基于Spring Boot+MyBatis实现，采用Docker容器化部署。 前台商城系统包含首页门户、商品推荐、商品搜索、商品展示、购物车、订单流程、会员中心、客户服务、帮助中心等模块。 后台管理系统包含商品管理、订单管理、会员管理、促销管理、运营管理、内容管理、统计报表、财务管理、权限管理、设置等模块。,83279,29677,13,0,58728,2018-04-04T01:11:44Z,2026-03-06T07:30:02Z,Apache-2.0,True,docker;elasticsearch;elk;java;mongodb;mybatis;mysql;rabbitmq;redis;spring;spring-boot;spring-cloud;spring-security;springboot;springcloud;swagger-ui,1082,143,500,3,False,False,1,,,1,0,0,14,1,2
spring-projects/spring-boot,spring-projects,spring-boot,Organization,Java,Java,"Spring Boot helps you to create Spring-powered, production-grade applications and services with absolute minimum fuss.",80314,41874,482,0,213598,2012-10-19T15:02:57Z,2026-03-31T12:23:18Z,Apache-2.0,True,framework;java;spring;spring-boot,60572,7445,41754,345,False,True,1,,,946,506,332,430,376,640
doocs/advanced-java,doocs,advanced-java,Organization,Java,Java,😮 Core Interview Questions & Answers For Experienced Java(Backend) Developers | 互联网 Java 工程师进阶知识完全扫盲：涵盖高并发、分布式、高可用、微服务、海量数据处理等领域知识,78916,19258,3,0,26643,2018-10-06T11:38:30Z,2026-03-30T06:40:12Z,CC-BY-SA-4.0,False,advanced-java;distributed-search-engine;distributed-systems;doocs;dubbo;elasticsearch;eureka;feign;high-availability;high-concurrency;hystrix;java;message-queue;microservices-architecture;redis;ribbon;rpc;spring-cloud;springcloud-config;zookeeper,782,141,149,1,True,True,1,,,1,1,0,2,0,1
MisterBooo/LeetCodeAnimation,MisterBooo,LeetCodeAnimation,User,Java,Java,Demonstrate all the questions on LeetCode in the form of animation.（用动画的形式呈现解LeetCode题目的思路）,76680,13967,21,0,509807,2018-12-06T08:01:22Z,2023-08-14T12:14:01Z,,True,animation;leetcode;leetcode-c;leetcode-java;leetcode-solutions,246,78,61,0,False,False,1,,,0,0,0,0,0,0
elastic/elasticsearch,elastic,elasticsearch,Organization,Java,Java,"Free and Open Source, Distributed, RESTful Search Engine",76389,25833,5668,0,1591598,2010-02-08T13:20:56Z,2026-04-02T00:13:20Z,NOASSERTION,False,elasticsearch;java;search-engine,95660,101516,43576,238,False,True,2,AGENTS.md,,893,634,732,751,874,1252
NationalSecurityAgency/ghidra,NationalSecurityAgency,ghidra,Organization,Java,Java,Ghidra is a software reverse engineering (SRE) framework,66455,7316,1864,0,405944,2019-03-01T03:27:48Z,2026-03-27T13:51:50Z,Apache-2.0,True,disassembler;reverse-engineering;software-analysis,17001,1687,5896,52,True,False,1,,,124,152,238,242,304,225
tensorflow/tensorflow,tensorflow,tensorflow,Organization,C++,C++,An Open Source Machine Learning Framework for Everyone,194428,75259,4048,0,1298892,2015-11-07T01:19:20Z,2026-04-02T01:07:04Z,Apache-2.0,False,deep-learning;deep-neural-networks;distributed;machine-learning;ml;neural-network;python;tensorflow,192006,70290,41291,222,False,True,1,,,1279,1099,1144,1124,941,1114
facebook/react-native,facebook,react-native,Organization,C++,C++,A framework for building native applications using React,125674,25135,1257,0,964306,2015-01-09T18:10:16Z,2026-04-01T23:27:24Z,MIT,True,android;app-framework;cross-platform;ios;mobile;mobile-development;react;react-native,40291,26670,27608,449,False,True,1,,,249,262,155,264,319,348
electron/electron,electron,electron,Organization,C++,C++,":electron: Build cross-platform desktop apps with JavaScript, HTML, and CSS",120712,17087,851,0,193958,2013-04-12T01:47:36Z,2026-04-02T01:16:16Z,MIT,False,c-plus-plus;chrome;css;electron;html;javascript;nodejs;v8;works-with-codespaces,30217,28181,21539,1000,False,True,3,.claude/settings.json;.claude/skills/electron-chromium-upgrade;.claude/skills/electron-chromium-upgrade/SKILL.md;.claude/skills/electron-chromium-upgrade/references;.claude/skills/electron-chromium-upgrade/references/patch-analysis.md;.claude/skills/electron-chromium-upgrade/references/phase-one-commit-guidelines.md;.claude/skills/electron-chromium-upgrade/references/phase-two-commit-guidelines.md;.github/copilot-instructions.md;CLAUDE.md,,100,93,26,89,108,171
godotengine/godot,godotengine,godot,Organization,C++,C++,Godot Engine – Multi-platform 2D and 3D game engine,108824,24839,17949,0,1795253,2014-01-04T16:05:36Z,2026-04-01T23:14:12Z,MIT,False,game-development;game-engine;gamedev;godot;godotengine;multi-platform;open-source,82687,55240,61641,68,False,True,1,,,937,979,880,827,771,751
microsoft/terminal,microsoft,terminal,Organization,C++,C++,"The new Windows Terminal and the original Windows console host, all in the same place!",102460,9173,1700,0,163320,2017-08-11T18:38:22Z,2026-04-01T03:04:20Z,MIT,True,cmd;command-line;console;contributions-welcome;good-first-issue;hacktoberfest;terminal;windows;windows-console;windows-terminal;wsl,4897,5120,13853,148,True,True,1,,,20,18,24,29,42,42
ggml-org/llama.cpp,ggml-org,llama.cpp,Organization,C++,C++,LLM inference in C/C++,100604,16158,1331,0,365840,2023-03-10T18:58:00Z,2026-04-02T00:44:02Z,MIT,True,ggml,8628,10597,7501,1000,True,True,2,AGENTS.md;CLAUDE.md,,254,305,386,301,283,424
bitcoin/bitcoin,bitcoin,bitcoin,Organization,C++,C++,Bitcoin Core integration/staging tree,88667,38875,694,0,310776,2010-12-19T15:16:43Z,2026-04-01T21:33:08Z,MIT,False,bitcoin;c-plus-plus;cryptocurrency;cryptography;p2p,48488,24226,9049,63,False,True,1,,,238,397,283,410,457,357
opencv/opencv,opencv,opencv,Organization,C++,C++,Open Source Computer Vision Library,86876,56534,2737,0,554901,2012-07-19T09:40:17Z,2026-03-31T13:55:03Z,Apache-2.0,True,c-plus-plus;computer-vision;deep-learning;image-processing;opencv,36065,17053,11463,67,True,True,1,,,79,89,163,53,44,59
nomic-ai/gpt4all,nomic-ai,gpt4all,Organization,C++,C++,GPT4All: Run Local LLMs on Any Device. Open-source and available for commercial use.,77229,8329,758,0,44678,2023-03-27T18:49:32Z,2025-05-27T20:05:19Z,MIT,True,ai-chat;llm-inference,2289,1195,2212,38,True,True,1,,,0,0,0,0,0,0
tesseract-ocr/tesseract,tesseract-ocr,tesseract,Organization,C++,C++,Tesseract Open Source OCR Engine (main repository),73262,10572,475,0,53817,2014-08-12T18:04:59Z,2026-03-29T17:08:42Z,Apache-2.0,True,hacktoberfest;lstm;machine-learning;ocr;ocr-engine;tesseract;tesseract-ocr,6610,1717,2752,35,False,True,2,.github/copilot-instructions.md,Copilot,9,0,10,4,20,1
torvalds/linux,torvalds,linux,User,C,C,Linux kernel source tree,226443,61323,3,0,6097039,2011-09-04T22:48:12Z,2026-03-31T21:33:48Z,NOASSERTION,False,,1429340,0,0,0,False,False,1,,,5973,8877,4316,8650,3518,1739
Genymobile/scrcpy,Genymobile,scrcpy,Organization,C,C,Display and control your Android device,137890,12846,2768,0,8103,2017-11-21T18:00:27Z,2026-03-31T19:26:23Z,Apache-2.0,True,android;c;ffmpeg;libav;mirroring;recording;screen;sdl2,2891,628,5988,50,False,True,1,,,7,6,5,1,1,0
netdata/netdata,netdata,netdata,Organization,C,C,"The fastest path to AI-powered full stack observability, even for lean teams.",78281,6392,270,0,263898,2013-06-17T18:39:10Z,2026-04-02T00:24:44Z,GPL-3.0,False,ai;alerting;cncf;data-visualization;database;devops;docker;grafana;influxdb;kubernetes;linux;machine-learning;mcp;mongodb;monitoring;mysql;netdata;observability;postgresql;prometheus,21947,13306,8209,132,True,True,2,CLAUDE.md,Copilot,168,112,119,166,163,203
ventoy/Ventoy,ventoy,Ventoy,User,C,C,A new bootable USB solution.,75424,4719,923,0,218943,2020-03-10T15:19:19Z,2026-02-01T05:54:20Z,GPL-3.0,True,arm64;auto-install;bootable-usb;bsd;chromeos;iso-files;legacy;linux;multiboot;persistence;secure-boot;uefi;unattended;unix;usb;windows;x86;x86-64,1153,556,2707,108,True,True,1,,,0,0,32,3,1,0
redis/redis,redis,redis,Organization,C,C,"For developers, who are building real-time data-driven applications, Redis is the preferred, fastest, and most feature-rich cache, data structure server, and document and vector query engine.",73614,24555,2779,0,210124,2009-03-21T22:32:25Z,2026-04-01T09:58:51Z,NOASSERTION,False,cache;caching;database;distributed-systems;in-memory;in-memory-database;json;key-value;key-value-store;message-broker;message-queue;no-sql;nosql;open-source;real-time;realtime;redis;time-series;vector-databases;vector-search,13007,7633,6926,118,True,True,1,,,53,34,28,66,38,53
obsproject/obs-studio,obsproject,obs-studio,Organization,C,C,OBS Studio - Free and open source software for live streaming and screen recording,71324,9115,1097,0,80323,2013-10-01T02:40:31Z,2026-04-02T01:00:10Z,GPL-2.0,True,c;c-plus-plus;directshow;facebook-live;ffmpeg;game-capture;live-streaming;screen-capture;twitch-tv;video-recording;youtube-live,15455,7761,4966,238,True,True,1,,,10,10,40,84,43,25
git/git,git,git,Organization,C,C,Git Source Code Mirror - This is a publish-only repository but pull requests can be turned into patches to the mailing list via GitGitGadget (https://gitgitgadget.github.io/). Please follow Documentation/SubmittingPatches procedure for any of your improvements.,60054,27777,364,0,301720,2008-07-23T14:21:26Z,2026-04-01T22:32:21Z,NOASSERTION,False,c;hacktoberfest;shell,80405,1958,0,0,False,True,1,,,385,266,211,308,363,329
FFmpeg/FFmpeg,FFmpeg,FFmpeg,Organization,C,C,Mirror of https://git.ffmpeg.org/ffmpeg.git,58513,13659,3,0,472315,2011-04-14T14:12:38Z,2026-04-01T14:20:13Z,NOASSERTION,False,audio;c;ffmpeg;fft;hevc;hls;matroska;mp4;mpeg;multimedia;rtmp;rtsp;streaming;video;webm,123798,0,0,0,False,False,1,,,299,366,370,289,470,711
tmux/tmux,tmux,tmux,Organization,C,C,tmux source code,43852,2530,70,0,19112,2015-06-03T23:32:55Z,2026-04-01T11:02:56Z,ISC,True,,10945,877,3918,39,True,True,1,,,27,50,60,53,53,59
curl/curl,curl,curl,Organization,C,C,"A command line tool and library for transferring data with URL syntax, supporting DICT, FILE, FTP, FTPS, GOPHER, GOPHERS, HTTP, HTTPS, IMAP, IMAPS, LDAP, LDAPS, MQTT, MQTTS, POP3, POP3S, RTMP, RTMPS, RTSP, SCP, SFTP, SMB, SMBS, SMTP, SMTPS, TELNET, TFTP, WS and WSS. libcurl offers a myriad of powerful features",41163,7115,41,0,133986,2010-03-18T22:32:22Z,2026-04-02T00:48:15Z,NOASSERTION,True,c;client;curl;ftp;gopher;hacktoberfest;http;https;imaps;ldap;libcurl;library;mqtt;pop3;scp;sftp;transfer-data;transferring-data;user-agent;websocket,38316,14699,5401,95,True,True,1,,,442,410,333,296,214,361
avelino/awesome-go,avelino,awesome-go,User,Go,Go,"A curated list of awesome Go frameworks, libraries and software",168838,13101,173,0,11284,2014-07-06T13:42:15Z,2026-04-01T07:59:58Z,MIT,False,awesome;awesome-list;go;golang;golang-library;hacktoberfest,5301,5217,734,0,True,True,2,.cursorrules;.github/copilot-instructions.md;AGENTS.md,,101,5,1,9,25,73
ollama/ollama,ollama,ollama,Organization,Go,Go,"Get up and running with Kimi-K2.5, GLM-5, MiniMax, DeepSeek, gpt-oss, Qwen, Gemma and other models.",166708,15258,2788,0,77994,2023-06-26T19:39:32Z,2026-04-01T23:59:04Z,MIT,False,deepseek;gemma;gemma3;glm;go;golang;gpt-oss;llama;llama3;llm;llms;minimax;mistral;ollama;qwen,5250,5152,9728,196,False,True,1,,,136,107,78,105,110,123
golang/go,golang,go,Organization,Go,Go,The Go programming language,133219,18885,9924,0,431227,2014-08-19T04:33:40Z,2026-04-01T23:39:40Z,BSD-3-Clause,True,go;golang;language;programming-language,65847,4944,70886,0,True,False,1,,,345,406,184,150,213,324
kubernetes/kubernetes,kubernetes,kubernetes,Organization,Go,Go,Production-Grade Container Scheduling and Management,121438,42765,2679,0,1461176,2014-06-06T22:56:04Z,2026-04-01T01:42:13Z,Apache-2.0,False,cncf;containers;go;kubernetes,136976,88712,48809,788,False,False,1,,,845,535,352,713,686,952
fatedier/frp,fatedier,frp,User,Go,Go,A fast reverse proxy to help you expose a local server behind a NAT or firewall to the internet.,105730,14974,46,0,31797,2015-12-21T15:24:59Z,2026-03-29T19:22:35Z,Apache-2.0,False,expose;firewall;frp;go;http-proxy;nat;p2p;proxy;reverse-proxy;tunnel,1440,1135,4075,110,False,True,2,AGENTS.md;CLAUDE.md,,6,5,5,13,3,49
gin-gonic/gin,gin-gonic,gin,Organization,Go,Go,"Gin is a high-performance HTTP web framework written in Go. It provides a Martini-like API but with significantly better performance—up to 40 times faster—thanks to httprouter. Gin is designed for building REST APIs, web applications, and microservices.",88306,8569,664,0,10557,2014-06-16T23:57:25Z,2026-03-31T22:32:27Z,MIT,False,framework;gin;go;middleware;performance;router;server,1990,2156,2384,29,True,True,1,,,16,23,9,10,28,8
gohugoio/hugo,gohugoio,hugo,Organization,Go,Go,The world’s fastest framework for building websites.,87366,8229,272,0,138120,2013-07-04T15:26:26Z,2026-04-01T17:16:56Z,Apache-2.0,False,blog-engine;cms;content-management-system;documentation-tool;go;hugo;static-site-generator,9624,6391,8065,369,False,True,2,AGENTS.md;CLAUDE.md,,54,83,74,77,74,61
syncthing/syncthing,syncthing,syncthing,Organization,Go,Go,Open Source Continuous File Synchronization,81314,4978,407,0,124703,2013-11-26T09:48:21Z,2026-03-31T01:32:48Z,MPL-2.0,True,go;p2p;peer-to-peer;synchronization,8041,4662,5872,463,False,True,1,,,19,9,15,10,14,14
junegunn/fzf,junegunn,fzf,User,Go,Go,:cherry_blossom: A command-line fuzzy finder,79171,2750,318,0,7918,2013-10-23T16:04:23Z,2026-03-30T15:10:48Z,MIT,True,bash;cli;fish;fzf;go;neovim;tmux;unix;vim;zsh,3573,1162,3122,76,True,True,1,,,39,23,13,10,41,63
jesseduffield/lazygit,jesseduffield,lazygit,User,Go,Go,simple terminal UI for git commands,75411,2662,935,0,152690,2018-05-19T00:53:06Z,2026-04-01T14:56:42Z,MIT,True,cli;git;terminal,7326,2356,2550,177,True,True,1,,,83,69,49,60,16,137
rust-lang/rust,rust-lang,rust,Organization,Rust,Rust,Empowering everyone to build reliable and efficient software.,111619,14687,12300,0,866621,2010-06-16T20:39:03Z,2026-04-02T00:10:00Z,Apache-2.0,False,compiler;language;rust,322456,92205,61921,148,False,True,1,,,2386,2332,2310,2585,2574,2202
rustdesk/rustdesk,rustdesk,rustdesk,User,Rust,Rust,"An open-source remote desktop application designed for self-hosting, as an alternative to TeamViewer.",110382,16515,113,0,69413,2020-09-28T15:36:08Z,2026-04-01T10:10:39Z,AGPL-3.0,True,android;anydesk;dart;flatpak;flutter;flutter-apps;ios;linux;macos;p2p;rdp;remote-control;remote-desktop;rust;rust-lang;teamviewer;vnc;wayland;windows,11048,5004,4048,36,True,True,2,CLAUDE.md,,63,57,41,63,41,39
denoland/deno,denoland,deno,Organization,Rust,Rust,A modern runtime for JavaScript and TypeScript.,106445,5986,2296,0,208561,2018-05-15T01:34:26Z,2026-04-01T21:28:06Z,MIT,True,deno;javascript;rust;typescript,15442,17599,14117,375,True,True,2,.github/copilot-instructions.md;CLAUDE.md,Copilot,103,118,120,135,206,389
tauri-apps/tauri,tauri-apps,tauri,Organization,Rust,Rust,"Build smaller, faster, and more secure desktop and mobile applications with a web frontend.",104813,3482,1389,0,102791,2019-07-13T09:09:37Z,2026-04-01T20:24:13Z,Apache-2.0,False,desktop-app;high-performance;mobile-app;native-app;rust;web-frontend;webview,5929,6401,6206,0,True,True,1,,,48,32,25,40,28,38
astral-sh/uv,astral-sh,uv,Organization,Rust,Rust,"An extremely fast Python package and project manager, written in Rust.",82464,2893,2723,0,149900,2023-10-02T20:24:11Z,2026-04-02T01:01:13Z,Apache-2.0,False,packaging;python;resolver;uv,8834,9992,8750,267,False,True,2,.claude/settings.json;CLAUDE.md,,170,149,147,274,214,286
zed-industries/zed,zed-industries,zed,Organization,Rust,Rust,"Code at the speed of thought – Zed is a high-performance, multiplayer code editor from the creators of Atom and Tree-sitter.",78303,7633,3168,0,427401,2021-02-20T03:01:06Z,2026-04-02T01:15:05Z,NOASSERTION,False,gpui;rust-lang;text-editor;zed,36627,26825,19243,1000,True,True,2,AGENTS.md;CLAUDE.md,,880,767,741,813,943,941
unionlabs/union,unionlabs,union,Organization,Rust,Rust,"The trust-minimized, zero-knowledge bridging protocol, designed for censorship resistance, extremely high security, and usage in decentralized finance.",74178,3871,187,0,483075,2023-05-16T22:33:39Z,2026-04-01T13:13:17Z,Apache-2.0,True,astro;blockchain;cosmos;cosmwasm;ethereum;evm;golang;indexer;interoperability;move;nix;prover;relayer;rust;solidity;svelte;typescipt;typescript;zero-knowledge,16292,3491,1838,107,False,True,1,,,377,123,202,138,37,0
openai/codex,openai,codex,Organization,Rust,Rust,Lightweight coding agent that runs in your terminal,71743,10035,2283,0,377096,2025-04-13T05:37:54Z,2026-04-02T01:11:21Z,Apache-2.0,False,,5006,7984,7849,665,True,True,2,AGENTS.md,,391,377,427,642,888,848
alacritty/alacritty,alacritty,alacritty,Organization,Rust,Rust,"A cross-platform, OpenGL terminal emulator.",63204,3382,338,0,14603,2016-02-18T05:02:30Z,2026-03-30T22:04:15Z,Apache-2.0,True,bsd;gpu;linux;macos;opengl;rust;terminal;terminal-emulators;vte;windows,2480,2555,6269,106,False,True,1,,,7,7,3,2,1,8
rails/rails,rails,rails,Organization,Ruby,Ruby,Ruby on Rails,58317,22175,1543,0,277866,2008-04-11T02:19:47Z,2026-04-01T10:36:20Z,MIT,False,activejob;activerecord;framework;html;mvc;rails;ruby,97417,38106,18515,165,True,True,2,AGENTS.md,,345,190,247,217,178,170
jekyll/jekyll,jekyll,jekyll,Organization,Ruby,Ruby,:globe_with_meridians: Jekyll is a blog-aware static site generator in Ruby,51469,10295,244,0,70532,2008-10-20T06:29:03Z,2026-03-30T03:56:56Z,MIT,True,blog-engine;jekyll;liquid;markdown;ruby;static-site-generator,11867,4620,4926,112,True,True,1,,,2,2,4,2,4,4
mastodon/mastodon,mastodon,mastodon,Organization,Ruby,Ruby,"Your self-hosted, globally interconnected microblogging community",49794,7423,4451,0,363115,2016-02-22T15:01:25Z,2026-04-01T18:12:28Z,AGPL-3.0,False,activity-stream;activitypub;docker;fediverse;mastodon;microblog;social-network;social-web;webfinger,20963,23285,12792,330,True,True,1,,,210,213,170,219,218,332
huginn/huginn,huginn,huginn,Organization,Ruby,Ruby,Create agents that monitor and act on your behalf.  Your agents are standing by!,49015,4245,693,0,9290,2013-03-10T06:00:31Z,2026-04-01T17:40:28Z,MIT,True,agent;automation;feed;feedgenerator;huginn;monitoring;notifications;rss;scraper;twitter;twitter-streaming;webscraping,3974,1399,2182,1,False,True,1,,,8,3,1,0,7,124
Homebrew/brew,Homebrew,brew,Organization,Ruby,Ruby,🍺 The missing package manager for macOS (or Linux),47325,11053,28,0,110747,2016-03-06T05:08:38Z,2026-04-01T12:51:22Z,BSD-2-Clause,False,brew;homebrew;macos;package-manager;ruby,48742,15954,5021,477,False,True,2,.claude/settings.json;AGENTS.md;CLAUDE.md,Copilot,309,369,386,246,273,478
discourse/discourse,discourse,discourse,Organization,Ruby,Ruby,"A platform for community discussion. Free, open, simple.",46672,8866,152,0,876895,2013-01-12T00:25:55Z,2026-04-02T00:34:21Z,GPL-2.0,False,discourse;ember;forum;javascript;postgresql;rails;ruby,64670,38495,0,0,False,True,2,.cursor/rules/ai-agents-always.mdc;AGENTS.md;CLAUDE.md,,556,501,524,403,636,784
fastlane/fastlane,fastlane,fastlane,Organization,Ruby,Ruby,🚀 The easiest way to automate building and releasing your iOS and Android apps,41297,5983,825,0,83920,2014-12-02T17:00:38Z,2026-04-01T11:04:00Z,MIT,False,android;apps;automation;deployment;fastlane;hacktoberfest;ios;mobile;ruby;screenshots,16782,7760,13261,560,True,True,1,,,0,26,36,25,15,14
freeCodeCamp/devdocs,freeCodeCamp,devdocs,Organization,Ruby,Ruby,API Documentation Browser,38658,2580,229,0,32584,2013-10-24T18:16:07Z,2026-03-30T05:26:42Z,MPL-2.0,False,api-documentation;app;devdocs;developer-tools;docs;documentation;documentation-tool;offline;pwa,6554,1350,1268,0,False,True,1,,,73,18,31,7,33,35
rapid7/metasploit-framework,rapid7,metasploit-framework,Organization,Ruby,Ruby,Metasploit Framework,37814,14815,577,0,1214469,2011-08-30T06:13:20Z,2026-04-01T21:40:06Z,NOASSERTION,True,hacktoberfest,80654,14249,6464,0,True,True,2,.github/copilot-instructions.md;AGENTS.md,,223,257,261,454,477,295
kilimchoi/engineering-blogs,kilimchoi,engineering-blogs,User,Ruby,Ruby,A curated list of engineering blogs,37680,1975,144,0,1339,2015-06-13T18:25:17Z,2024-08-21T13:01:11Z,,True,engineering-blogs;lists;programming-blogs;software-development;tech,1720,1094,97,0,False,True,1,,,0,0,0,0,0,0
jaywcjlove/awesome-mac,jaywcjlove,awesome-mac,User,Swift,Swift, This project is dedicated to collecting high-quality macOS software and organizing them systematically by different categories for easy search and use.,101232,7554,237,0,33212,2016-07-17T15:33:47Z,2026-04-02T00:44:28Z,CC0-1.0,False,app;apple;application;apps;awesome;awesome-list;awesome-lists;awesome-mac;desktop-app;desktop-application;desktop-apps;list;mac;mac-osx;macos;macos-app;macos-apps;macosx;software,2560,1358,525,15,False,True,1,,,18,21,19,18,45,136
swiftlang/swift,swiftlang,swift,Organization,Swift,Swift,The Swift Programming Language,69863,10691,8806,0,1325997,2015-10-23T21:15:07Z,2026-04-02T00:22:06Z,Apache-2.0,False,,199299,66797,17594,67,False,False,1,,,1273,715,760,1071,1116,978
vsouza/awesome-ios,vsouza,awesome-ios,User,Swift,Swift,"A curated list of awesome iOS ecosystem, including Objective-C and Swift Projects ",51676,6959,21,0,14811,2014-07-10T16:03:45Z,2025-09-29T17:35:43Z,MIT,False,apple-swift;arkit;awesome;ios;ios-animation;ios-libraries;objective-c;objective-c-library;swift-extensions;swift-framework;swift-language;swift-library;swift-programming,6478,2732,494,0,False,True,1,,,0,0,0,0,0,0
iina/iina,iina,iina,Organization,Swift,Swift,The modern video player for macOS.,44272,2780,1976,0,277961,2016-12-19T07:18:45Z,2026-03-31T23:11:00Z,GPL-3.0,True,hacktoberfest;macos;mpv;swift;video;video-player,3862,1336,4394,47,True,True,1,,,3,11,0,4,2,5
Alamofire/Alamofire,Alamofire,Alamofire,Organization,Swift,Swift,Elegant HTTP Networking in Swift,42365,7652,42,0,41077,2014-07-31T05:56:19Z,2026-03-29T00:24:09Z,MIT,False,alamofire;carthage;certificate-pinning;cocoapods;httpurlresponse;networking;parameter-encoding;public-key-pinning;request;response;swift;swift-package-manager;urlrequest;urlsession;xcode,1671,1156,2814,104,True,True,1,,,5,1,3,1,2,1
exelban/stats,exelban,stats,User,Swift,Swift,macOS system monitor in your menu bar,37537,1237,27,0,58730,2019-05-29T19:24:56Z,2026-04-01T17:20:20Z,MIT,False,battery;bluetooth;clock;cpu;disk;fans;gpu;macos;menubar;monitor;network;sensors;stats;temperature,2263,555,2525,327,False,True,1,,,17,12,14,9,18,39
utmapp/UTM,utmapp,UTM,Organization,Swift,Swift,Virtual machines for iOS and macOS,33492,1681,1018,0,50622,2019-04-12T16:09:24Z,2026-02-27T22:56:05Z,Apache-2.0,True,apple;emulation;ios;jailbreak;macos;qemu;utm;virtual-machines;vm,3725,413,3604,128,True,True,1,,,3,1,1,52,13,0
shadowsocks/ShadowsocksX-NG,shadowsocks,ShadowsocksX-NG,Organization,Swift,Swift,Next Generation of ShadowsocksX,32908,7830,314,0,50660,2016-06-10T11:49:00Z,2024-10-29T12:19:30Z,GPL-3.0,True,kcptun;macos;shadowsocks;shadowsocksx-ng;swift;v2ray-plugin,600,120,1361,30,False,True,1,,,0,0,0,0,0,0
MonitorControl/MonitorControl,MonitorControl,MonitorControl,Organization,Swift,Swift,🖥 Control your display's brightness & volume on your Mac as if it was a native Apple Display. Use Apple Keyboard keys or custom shortcuts. Shows the native macOS OSDs.,32839,942,19,0,30075,2017-09-16T21:13:40Z,2026-02-09T09:32:16Z,MIT,True,apple;brightness;control;ddc;display;external-monitor;gamma;keyboard;m1;macos;macos-app;menubar;osx;shade;silicon;swift;volume;xcode,288,273,1013,26,True,False,1,,,0,3,0,1,1,0
kodecocodes/swift-algorithm-club,kodecocodes,swift-algorithm-club,Organization,Swift,Swift,"Algorithms and data structures in Swift, with explanations!",29126,4979,62,0,14083,2016-01-26T17:56:12Z,2024-12-06T07:03:07Z,MIT,True,algorithms;data-structures;swift,2538,804,215,0,False,False,1,,,0,0,0,0,0,0
langflow-ai/langflow,langflow-ai,langflow,Organization,Python,Python,Langflow is a powerful tool for building and deploying AI-powered agents and workflows.,146470,8682,956,0,1197647,2023-02-08T22:28:03Z,2026-04-02T01:22:48Z,MIT,True,agents;chatgpt;generative-ai;large-language-models;multiagent;react-flow,17318,8511,3222,288,True,True,2,.cursor/rules/backend_development.mdc;.cursor/rules/components;.cursor/rules/components/basic_component.mdc;.cursor/rules/docs_development.mdc;.cursor/rules/frontend_development.mdc;.cursor/rules/icons.mdc;.cursor/rules/testing.mdc;AGENTS.md;CLAUDE.md,,166,101,112,121,91,75
ytdl-org/youtube-dl,ytdl-org,youtube-dl,Organization,Python,Python,Command-line program to download videos from YouTube.com and other video sites,139963,10605,4121,0,65510,2010-10-31T14:35:07Z,2026-02-19T16:45:25Z,Unlicense,False,,18977,5002,26821,341,False,True,1,,,4,26,0,0,0,0
langchain-ai/langchain,langchain-ai,langchain,Organization,Python,Python,The agent engineering platform,131974,21759,522,0,531717,2022-10-17T02:58:36Z,2026-04-01T20:50:08Z,MIT,False,agents;ai;ai-agents;anthropic;chatgpt;deepagents;enterprise;framework;gemini;generative-ai;langchain;langgraph;llm;multiagent;open-source;openai;pydantic;python;rag,15632,21649,9304,1000,True,True,2,.mcp.json;AGENTS.md;CLAUDE.md,,347,141,199,176,200,233
open-webui/open-webui,open-webui,open-webui,Organization,Python,Python,"User-friendly AI Interface (Supports Ollama, OpenAI API, ...)",129573,18347,264,0,347421,2023-10-06T22:08:27Z,2026-04-01T23:26:47Z,NOASSERTION,True,ai;llm;llm-ui;llm-webui;llms;mcp;ollama;ollama-webui;open-webui;openai;openapi;rag;self-hosted;ui;webui,16005,7057,8059,156,True,True,1,,,357,447,322,280,505,480
anthropics/skills,anthropics,skills,Organization,Python,Python,Public repository for Agent Skills,108444,12094,635,0,3370,2025-09-22T15:53:31Z,2026-03-25T15:10:49Z,,False,agent-skills,25,608,205,0,True,False,1,,zack-anthropic,10,2,5,0,4,4
Comfy-Org/ComfyUI,Comfy-Org,ComfyUI,Organization,Python,Python,"The most powerful and modular diffusion model GUI, api and backend with a graph/nodes interface.",107513,12407,3914,0,86196,2023-01-17T03:15:56Z,2026-04-02T00:22:11Z,GPL-3.0,True,ai;comfy;comfyui;python;pytorch;stable-diffusion,5000,3591,8185,132,True,True,1,,,150,138,161,181,184,179
Shubhamsaboo/awesome-llm-apps,Shubhamsaboo,awesome-llm-apps,User,Python,Python,"Collection of awesome LLM apps with AI Agents and RAG using OpenAI, Anthropic, Gemini and opensource models.",104243,15205,6,0,201386,2024-04-29T05:30:25Z,2026-04-01T07:06:35Z,Apache-2.0,True,agents;llms;python;rag,963,441,129,0,False,True,1,,,23,52,16,31,68,22
deepseek-ai/DeepSeek-V3,deepseek-ai,DeepSeek-V3,Organization,Python,Python,,102439,16601,121,0,1768,2024-12-26T09:52:40Z,2025-08-28T03:24:37Z,MIT,False,,73,192,763,1,False,True,1,,,0,0,0,0,0,0
pytorch/pytorch,pytorch,pytorch,Organization,Python,Python,Tensors and Dynamic neural networks in Python with strong GPU acceleration,98726,27372,18227,0,1288219,2016-08-13T05:26:41Z,2026-04-02T01:19:46Z,NOASSERTION,True,autograd;deep-learning;gpu;machine-learning;neural-network;numpy;python;tensor,101871,120969,57609,65,False,True,3,.claude/skills/add-uint-support;.claude/skills/add-uint-support/SKILL.md;.claude/skills/aoti-debug;.claude/skills/aoti-debug/SKILL.md;.claude/skills/aoti-debug/triton-index-out-of-bounds.md;.claude/skills/at-dispatch-v2;.claude/skills/at-dispatch-v2/SKILL.md;.claude/skills/docstring;.claude/skills/docstring/SKILL.md;.claude/skills/document-public-apis;.claude/skills/document-public-apis/SKILL.md;.claude/skills/metal-kernel;.claude/skills/metal-kernel/SKILL.md;.claude/skills/pr-review;.claude/skills/pr-review/SKILL.md;.claude/skills/pr-review/bc-guidelines.md;.claude/skills/pr-review/review-checklist.md;.claude/skills/pt2-bug-basher;.claude/skills/pt2-bug-basher/SKILL.md;.claude/skills/pyrefly-type-coverage;.claude/skills/pyrefly-type-coverage/SKILL.md;.claude/skills/scrub-issue;.claude/skills/scrub-issue/SKILL.md;.claude/skills/skill-writer;.claude/skills/skill-writer/SKILL.md;.claude/skills/triaging-issues;.claude/skills/triaging-issues/README.md;.claude/skills/triaging-issues/SKILL.md;.claude/skills/triaging-issues/labels.json;.claude/skills/triaging-issues/pt2-triage-rubric.md;.claude/skills/triaging-issues/scripts;.claude/skills/triaging-issues/scripts/add_bot_triaged.py;.claude/skills/triaging-issues/scripts/validate_labels.py;.claude/skills/triaging-issues/templates.json;.github/copilot-instructions.md;AGENTS.md;CLAUDE.md,,1521,1092,1329,1199,1264,1616
openai/whisper,openai,whisper,Organization,Python,Python,Robust Speech Recognition via Large-Scale Weak Supervision,97008,11960,118,0,4130,2022-09-16T20:02:54Z,2026-03-27T21:08:20Z,MIT,False,,167,361,0,13,True,True,1,,,0,0,0,0,0,1
fastapi/fastapi,fastapi,fastapi,Organization,Python,Python,"FastAPI framework, high performance, easy to learn, fast to code, ready for production",96746,8983,165,0,40349,2018-12-08T08:21:47Z,2026-04-01T22:28:50Z,MIT,False,api;async;asyncio;fastapi;framework;json;json-schema;openapi;openapi3;pydantic;python;python-types;python3;redoc;rest;starlette;swagger;swagger-ui;uvicorn;web,7015,5552,3513,271,True,True,1,,,92,79,232,76,287,133
nvbn/thefuck,nvbn,thefuck,User,Python,Python,Magnificent app which corrects your previous console command.,95783,3867,420,0,4043,2015-04-08T15:08:04Z,2024-07-19T14:56:13Z,MIT,True,python;shell,1651,733,778,17,False,True,1,,,0,0,0,0,0,0
microsoft/markitdown,microsoft,markitdown,Organization,Python,Python,Python tool for converting files and office documents to Markdown.,93075,5608,497,0,4252,2024-11-13T19:56:40Z,2026-03-30T17:17:56Z,MIT,True,autogen;autogen-extension;langchain;markdown;microsoft-office;openai;pdf,305,450,398,18,True,True,1,,,2,0,1,2,4,3
hacksider/Deep-Live-Cam,hacksider,Deep-Live-Cam,User,Python,Python,real time face swap and one-click video deepfake with only a single image,87330,12665,110,0,156000,2023-09-24T13:19:31Z,2026-04-01T21:54:09Z,AGPL-3.0,True,ai;ai-deep-fake;ai-face;ai-webcam;artificial-intelligence;deep-fake;deepfake;deepfake-webcam;faceswap;fake-webcam;gan;real-time-deepfake;realtime;realtime-deepfake;realtime-face-changer;video-deepfake;webcam;webcamera,556,308,1128,11,True,False,1,,,8,12,3,0,33,14
django/django,django,django,Organization,Python,Python,The Web framework for perfectionists with deadlines.,87143,33810,422,0,278356,2012-04-28T02:47:18Z,2026-04-01T17:51:37Z,BSD-3-Clause,False,apps;django;framework;models;orm;python;templates;views;web,34424,20974,0,0,False,True,2,.github/copilot-instructions.md,,84,88,91,74,87,80
home-assistant/core,home-assistant,core,Organization,Python,Python,:house_with_garden: Open source home automation that puts local control and privacy first.,85925,37122,3481,0,802764,2013-09-17T07:29:48Z,2026-04-01T23:26:36Z,Apache-2.0,False,asyncio;hacktoberfest;home-automation;internet-of-things;iot;mqtt;python;raspberry-pi,107624,97278,68962,1000,False,True,4,.claude/agents/github-pr-reviewer.md;.claude/agents/quality-scale-rule-verifier.md;.claude/agents/raise-pull-request.md;.claude/skills/integrations;.claude/skills/integrations/SKILL.md;.claude/skills/integrations/platform-diagnostics.md;.claude/skills/integrations/platform-repairs.md;.github/copilot-instructions.md;AGENTS.md;CLAUDE.md,,1314,1164,1379,1024,1524,1623
3b1b/manim,3b1b,manim,User,Python,Python,Animation engine for explanatory math videos,85690,7194,479,0,76630,2015-03-22T18:50:58Z,2026-03-26T14:56:44Z,MIT,True,3b1b-videos;animation;explanatory-math-videos;python,6369,936,1229,13,True,True,1,,,1,0,0,0,18,6
browser-use/browser-use,browser-use,browser-use,Organization,Python,Python,🌐 Make websites accessible for AI agents. Automate tasks online with ease.,85525,9897,224,0,30367,2024-10-31T16:00:56Z,2026-04-02T00:24:40Z,MIT,False,ai-agents;ai-tools;browser-automation;browser-use;llm;playwright;python,8991,2787,1457,122,True,True,2,AGENTS.md;CLAUDE.md,,827,480,139,190,344,298
github/spec-kit,github,spec-kit,Organization,Python,Python,💫 Toolkit to help you get started with Spec-Driven Development,84453,7226,650,0,6588,2025-08-21T22:54:31Z,2026-04-02T00:41:18Z,MIT,False,ai;copilot;development;engineering;prd;spec;spec-driven,703,720,933,122,True,True,2,AGENTS.md,Copilot,187,51,16,0,36,131
bregman-arie/devops-exercises,bregman-arie,devops-exercises,User,Python,Python,"Linux, Jenkins, AWS, SRE, Prometheus, Docker, Python, Ansible, Git, Kubernetes, Terraform, OpenStack, SQL, NoSQL, Azure, GCP, DNS, Elastic, Network, Virtualization. DevOps Interview Questions",81866,19058,42,0,8007,2019-10-03T17:31:21Z,2025-12-27T14:22:30Z,NOASSERTION,True,ansible;aws;azure;coding;containers;devops;docker;git;interview;interview-questions;kubernetes;linux;openstack;production-engineer;prometheus;python;sql;sre;terraform,796,433,104,0,True,True,1,,,1,0,4,0,0,0
fighting41love/funNLP,fighting41love,funNLP,User,Python,Python,中英文敏感词、语言检测、中外手机/电话归属地/运营商查询、名字推断性别、手机号抽取、身份证抽取、邮箱抽取、中日文人名库、中文缩写库、拆字词典、词汇情感值、停用词、反动词表、暴恐词表、繁简体转换、英文模拟中文发音、汪峰歌词生成器、职业名称词库、同义词库、反义词库、否定词库、汽车品牌词库、汽车零件词库、连续英文切割、各种中文词向量、公司名字大全、古诗词库、IT词库、财经词库、成语词库、地名词库、历史名人词库、诗词词库、医学词库、饮食词库、法律词库、汽车词库、动物词库、中文聊天语料、中文谣言数据、百度中文问答数据集、句子相似度匹配算法集合、bert资源、文本生成&摘要相关工具、cocoNLP信息抽取工具、国内电话号码正则匹配、清华大学XLORE:中英文跨语言百科知识图谱、清华大学人工智能技术系列报告、自然语言生成、NLU太难了系列、自动对联数据及机器人、用户名黑名单列表、罪名法务名词及分类模型、微信公众号语料、cs224n深度学习自然语言处理课程、中文手写汉字识别、中文自然语言处理 语料/数据集、变量命名神器、分词语料库+代码、任务型对话英文数据集、ASR 语音数据集 + 基于深度学习的中文,79737,15148,45,0,174188,2018-08-21T11:20:39Z,2024-05-10T07:38:24Z,,True,,159,30,86,0,False,False,1,,,0,0,0,0,0,0
tensorflow/models,tensorflow,models,Organization,Python,Python,Models and examples built with TensorFlow,77680,45182,1281,0,659766,2016-02-05T01:15:20Z,2026-04-01T09:13:43Z,NOASSERTION,True,,9728,3882,7324,51,True,True,1,,,29,5,4,16,8,9
infiniflow/ragflow,infiniflow,ragflow,Organization,Python,Python,RAGFlow is a leading open-source Retrieval-Augmented Generation (RAG) engine that fuses cutting-edge RAG with Agent capabilities to create a superior context layer for LLMs,76817,8607,3189,0,114785,2023-12-12T06:13:13Z,2026-04-01T13:36:21Z,Apache-2.0,False,agent;agentic;agentic-ai;agentic-workflow;ai;ai-search;context-engineering;context-retrieval;deep-research;deepseek;deepseek-r1;document-parser;document-understanding;graphrag;llm;mcp;ollama;openai;rag;retrieval-augmented-generation,5642,6416,6772,40,True,True,2,.github/copilot-instructions.md;AGENTS.md;CLAUDE.md,,263,315,362,240,167,283
d2l-ai/d2l-zh,d2l-ai,d2l-zh,Organization,Python,Python,《动手学深度学习》：面向中文读者、能运行、可讨论。中英文版被70多个国家的500多所大学用于教学。,76691,12189,124,0,316965,2017-08-23T04:40:24Z,2024-07-30T09:32:19Z,Apache-2.0,False,book;chinese;computer-vision;deep-learning;machine-learning;natural-language-processing;notebook;python,4116,1397,0,16,False,True,1,,,0,0,0,0,0,0
swisskyrepo/PayloadsAllTheThings,swisskyrepo,PayloadsAllTheThings,User,Python,Python,A list of useful payloads and bypass for Web Application Security and Pentest/CTF,76550,16810,21,0,23165,2016-10-18T07:29:07Z,2026-03-16T13:58:05Z,MIT,False,bounty;bugbounty;bypass;cheatsheet;enumeration;hacking;hacktoberfest;methodology;payload;payloads;penetration-testing;pentest;privilege-escalation;redteam;security;vulnerability;web-application,2176,734,0,5,False,True,1,,,9,6,10,17,7,12
sherlock-project/sherlock,sherlock-project,sherlock,Organization,Python,Python,Hunt down social media accounts by username across social networks,76479,8988,217,0,18406,2018-12-24T14:30:48Z,2026-04-01T05:46:04Z,MIT,True,cli;cti;cybersecurity;forensics;hacktoberfest;information-gathering;infosec;linux;osint;pentesting;python;python3;reconnaissance;redteam;sherlock;tools,2891,1458,1151,2,True,True,1,,,198,1,2,3,4,4
vllm-project/vllm,vllm-project,vllm,Organization,Python,Python,A high-throughput and memory-efficient inference and serving engine for LLMs,74937,15065,4027,0,183699,2023-02-09T11:23:20Z,2026-04-02T00:59:04Z,Apache-2.0,False,amd;blackwell;cuda;deepseek;deepseek-v3;gpt;gpt-oss;inference;kimi;llama;llm;llm-serving;model-serving;moe;openai;pytorch;qwen;qwen3;tpu;transformer,15454,23654,14432,88,True,True,2,AGENTS.md;CLAUDE.md,,872,902,799,883,860,1075
PaddlePaddle/PaddleOCR,PaddlePaddle,PaddleOCR,Organization,Python,Python,"Turn any PDF or image document into structured data for your AI. A powerful, lightweight OCR toolkit that bridges the gap between images/PDFs and LLMs. Supports 100+ languages.",74610,10153,263,0,1852820,2020-05-08T10:38:16Z,2026-04-01T22:28:38Z,Apache-2.0,False,ai4science;chineseocr;document-parsing;document-translation;kie;ocr;paddleocr-vl;pdf-extractor-rag;pdf-parser;pdf2markdown;pp-ocr;pp-structure;rag,6862,3921,10538,29,True,True,1,,,28,28,9,21,25,26
python/cpython,python,cpython,Organization,Python,Python,The Python programming language,72138,34349,9330,0,804798,2017-02-10T19:23:51Z,2026-04-01T22:54:06Z,NOASSERTION,False,,130800,69902,75769,0,False,True,1,,,376,389,394,333,308,411
josephmisiti/awesome-machine-learning,josephmisiti,awesome-machine-learning,User,Python,Python,"A curated list of awesome Machine Learning frameworks, libraries and software.",72124,15379,35,0,3198,2014-07-15T19:11:19Z,2026-03-15T15:16:19Z,NOASSERTION,False,,2124,1030,106,0,False,False,1,,,11,10,6,30,7,11
pallets/flask,pallets,flask,Organization,Python,Python,The Python micro framework for building web applications.,71360,16760,3,0,11710,2010-04-06T11:11:59Z,2026-03-24T13:55:59Z,BSD-3-Clause,False,flask;jinja;pallets;python;web-framework;werkzeug;wsgi,5524,2795,2726,38,True,True,1,,,1,8,0,23,17,8
OpenHands/OpenHands,OpenHands,OpenHands,Organization,Python,Python,🙌 OpenHands: AI-Driven Development,70384,8813,347,0,306903,2024-03-13T03:33:31Z,2026-04-02T00:32:01Z,NOASSERTION,True,agent;artificial-intelligence;chatgpt;claude-ai;cli;developer-tools;gpt;llm;openai,6401,9463,3932,101,False,True,2,AGENTS.md,,185,138,186,186,148,276
binary-husky/gpt_academic,binary-husky,gpt_academic,User,Python,Python,"为GPT/GLM等LLM大语言模型提供实用化交互接口，特别优化论文阅读/润色/写作体验，模块化设计，支持自定义快捷按钮&函数插件，支持Python和C++等项目剖析&自译解功能，PDF/LaTex论文翻译&总结功能，支持并行问询多种LLM模型，支持chatglm3等本地模型。接入通义千问, deepseekcoder, 讯飞星火, 文心一言, llama2, rwkv, claude2, moss等。",70329,8386,310,0,72756,2023-03-20T09:05:13Z,2026-01-25T12:33:10Z,GPL-3.0,True,academic;chatglm-6b;chatgpt;gpt-4;large-language-models,2403,364,1764,32,True,True,1,,,0,0,0,3,0,0
hiyouga/LlamaFactory,hiyouga,LlamaFactory,User,Python,Python,Unified Efficient Fine-Tuning of 100+ LLMs & VLMs (ACL 2024),69354,8441,937,0,13168,2023-05-28T10:09:12Z,2026-04-01T14:40:12Z,Apache-2.0,False,agent;ai;deepseek;fine-tuning;gemma;gpt;instruction-tuning;large-language-models;llama;llama3;llm;lora;moe;nlp;peft;qlora;quantization;qwen;rlhf;transformers,2994,1242,7905,35,True,True,2,.github/copilot-instructions.md,Copilot,35,30,52,37,25,29
ansible/ansible,ansible,ansible,Organization,Python,Python,"Ansible is a radically simple IT automation platform that makes your applications and systems easier to deploy and maintain. Automate everything from code deployment to network configuration to cloud management, in a language that approaches plain English, using SSH, with no agents to install on remote systems. https://docs.ansible.com.",68377,24168,801,0,263880,2012-03-06T14:58:02Z,2026-03-31T23:09:15Z,GPL-3.0,False,ansible;python,55384,53089,33319,215,False,False,3,.claude/commands/review.md;AGENTS.md;CLAUDE.md,,55,39,17,35,34,41
FoundationAgents/MetaGPT,FoundationAgents,MetaGPT,Organization,Python,Python,"🌟 The Multi-Agent Framework: First AI Software Company, Towards Natural Language Programming",66555,8396,103,0,184037,2023-06-30T09:04:55Z,2026-01-21T10:12:33Z,MIT,True,agent;gpt;llm;metagpt;multi-agent,6367,1026,920,22,False,True,1,,,1,1,0,1,0,0
labmlai/annotated_deep_learning_paper_implementations,labmlai,annotated_deep_learning_paper_implementations,Organization,Python,Python,"🧑‍🏫 60+ Implementations/tutorials of deep learning papers with side-by-side notes 📝; including transformers (original, xl, switch, feedback, vit, ...), optimizers (adam, adabelief, sophia, ...), gans(cyclegan, stylegan2, ...), 🎮 reinforcement learning (ppo, dqn), capsnet, distillation, ... 🧠",66201,6660,29,0,156370,2020-08-25T02:29:34Z,2026-01-22T04:26:00Z,MIT,True,attention;deep-learning;deep-learning-tutorial;gan;literate-programming;lora;machine-learning;neural-networks;optimizers;pytorch;reinforcement-learning;transformer;transformers,860,128,142,0,True,False,1,,,0,1,0,1,0,0
xtekky/gpt4free,xtekky,gpt4free,User,Python,Python,The official gpt4free repository | various collection of powerful language models | opus 4.6 gpt 5.3 kimi 2.5 deepseek v3.2 gemini 3,65963,13641,7,0,171082,2023-03-29T17:00:43Z,2026-04-01T20:59:04Z,GPL-3.0,True,chatbot;chatbots;chatgpt;chatgpt-4;chatgpt-api;chatgpt-free;chatgpt4;deepseek;deepseek-api;deepseek-r1;gpt;gpt-4;gpt-4o;gpt4;gpt4-api;language-model;openai;openai-api;openai-chatgpt;reverse-engineering,4174,1105,2005,435,True,True,2,.github/copilot-instructions.md,Copilot,63,70,42,60,64,40
scikit-learn/scikit-learn,scikit-learn,scikit-learn,Organization,Python,Python,scikit-learn: machine learning in Python,65586,26872,2135,0,180785,2010-08-17T09:43:38Z,2026-04-01T18:17:38Z,BSD-3-Clause,True,data-analysis;data-science;machine-learning;python;statistics,33498,20491,12020,49,True,True,2,AGENTS.md,,198,99,69,85,75,72
OpenBB-finance/OpenBB,OpenBB-finance,OpenBB,Organization,Python,Python,"Financial data platform for analysts, quants and AI agents.",64945,6386,73,0,2409764,2020-12-20T10:46:38Z,2026-04-01T18:44:36Z,NOASSERTION,False,ai;crypto;derivatives;economics;equity;finance;fixed-income;machine-learning;openbb;options;python;quantitative-finance;stocks,6827,4893,2293,55,True,True,1,,,20,9,12,14,19,23
keras-team/keras,keras-team,keras,Organization,Python,Python,Deep Learning for humans,63923,19743,282,0,51428,2015-03-28T00:35:42Z,2026-04-01T23:36:09Z,Apache-2.0,True,data-science;deep-learning;jax;machine-learning;neural-networks;python;pytorch;tensorflow,12222,9089,12719,86,True,True,1,,,57,29,54,72,114,170
karpathy/autoresearch,karpathy,autoresearch,User,Python,Python,AI agents running research on single-GPU nanochat training automatically,63490,8942,163,0,530,2026-03-06T22:00:43Z,2026-03-26T00:07:37Z,,True,,36,276,92,0,True,False,1,,,0,0,0,0,0,36
pathwaycom/pathway,pathwaycom,pathway,Organization,Python,Python,"Python ETL framework for stream processing, real-time analytics, LLM pipelines, and RAG.",63264,1629,31,0,139727,2022-11-27T13:01:14Z,2026-04-01T05:15:49Z,NOASSERTION,False,batch-processing;data-analytics;data-pipelines;data-processing;dataflow;etl;etl-framework;iot-analytics;kafka;machine-learning-algorithms;pathway;python;real-time;rust;stream-processing;streaming;time-series-analysis,1893,48,146,85,False,True,1,,,42,48,45,60,56,51
